{
  "version": "0.4.0",
  "timestamp": "2026-07-06 20:08:44Z",
  "latency_mode": "generation",
  "latency_ms": 85.24697467995186,
  "model": "dflash-test",
  "prefix_caching_enabled": false,
  "max_concurrency": 1,
  "benchmarks": [
    {
      "concurrency": 1,
      "context_size": 0,
      "prompt_size": 512,
      "response_size": 128,
      "is_context_prefill_phase": false,
      "pp_throughput": {
        "mean": 565.9706959775706,
        "std": 46.64829855549402,
        "values": [
          519.3223974220766,
          612.6189945330647
        ]
      },
      "pp_req_throughput": {
        "mean": 565.9706959775706,
        "std": 46.64829855549402,
        "values": [
          519.3223974220766,
          612.6189945330647
        ]
      },
      "tg_throughput": {
        "mean": 71.25933127143685,
        "std": 3.3654108553301043,
        "values": [
          74.62474212676696,
          67.89392041610675
        ]
      },
      "tg_req_throughput": {
        "mean": 71.25933127143685,
        "std": 3.3654108553301043,
        "values": [
          74.62474212676696,
          67.89392041610675
        ]
      },
      "peak_throughput": {
        "mean": 71.5,
        "std": 3.5,
        "values": [
          75.0,
          68.0
        ]
      },
      "peak_req_throughput": {
        "mean": 71.5,
        "std": 3.5,
        "values": [
          75.0,
          68.0
        ]
      },
      "ttfr": {
        "mean": 997.0378139987588,
        "std": 76.03483996354043,
        "values": [
          1073.0726539622992,
          921.0029740352184
        ]
      },
      "est_ppt": {
        "mean": 911.7908393188069,
        "std": 76.03483996354043,
        "values": [
          987.8256792823473,
          835.7559993552665
        ]
      },
      "e2e_ttft": {
        "mean": 997.0378139987588,
        "std": 76.03483996354043,
        "values": [
          1073.0726539622992,
          921.0029740352184
        ]
      },
      "throughput_over_time": null,
      "requests_throughput_over_time": null
    },
    {
      "concurrency": 1,
      "context_size": 4096,
      "prompt_size": 512,
      "response_size": 128,
      "is_context_prefill_phase": false,
      "pp_throughput": {
        "mean": 595.9061249325448,
        "std": 2.1237752724506436,
        "values": [
          598.0299002049954,
          593.7823496600942
        ]
      },
      "pp_req_throughput": {
        "mean": 595.9061249325448,
        "std": 2.1237752724506436,
        "values": [
          598.0299002049954,
          593.7823496600942
        ]
      },
      "tg_throughput": {
        "mean": 73.8509186491191,
        "std": 2.9565638539758083,
        "values": [
          70.89435479514329,
          76.8074825030949
        ]
      },
      "tg_req_throughput": {
        "mean": 73.8509186491191,
        "std": 2.9565638539758083,
        "values": [
          70.89435479514329,
          76.8074825030949
        ]
      },
      "peak_throughput": {
        "mean": 74.0,
        "std": 3.0,
        "values": [
          71.0,
          77.0
        ]
      },
      "peak_req_throughput": {
        "mean": 74.0,
        "std": 3.0,
        "values": [
          71.0,
          77.0
        ]
      },
      "ttfr": {
        "mean": 7818.9428735058755,
        "std": 26.723390561528504,
        "values": [
          7792.219482944347,
          7845.666264067404
        ]
      },
      "est_ppt": {
        "mean": 7733.695898825924,
        "std": 26.723390561528504,
        "values": [
          7706.972508264395,
          7760.419289387452
        ]
      },
      "e2e_ttft": {
        "mean": 7818.9428735058755,
        "std": 26.723390561528504,
        "values": [
          7792.219482944347,
          7845.666264067404
        ]
      },
      "throughput_over_time": null,
      "requests_throughput_over_time": null
    },
    {
      "concurrency": 1,
      "context_size": 8192,
      "prompt_size": 512,
      "response_size": 128,
      "is_context_prefill_phase": false,
      "pp_throughput": {
        "mean": 591.1436204697895,
        "std": 4.334483932841238,
        "values": [
          586.8091365369482,
          595.4781044026307
        ]
      },
      "pp_req_throughput": {
        "mean": 591.1436204697895,
        "std": 4.334483932841238,
        "values": [
          586.8091365369482,
          595.4781044026307
        ]
      },
      "tg_throughput": {
        "mean": 85.64209552218004,
        "std": 0.7219851861684958,
        "values": [
          84.92011033601155,
          86.36408070834854
        ]
      },
      "tg_req_throughput": {
        "mean": 85.64209552218004,
        "std": 0.7219851861684958,
        "values": [
          84.92011033601155,
          86.36408070834854
        ]
      },
      "peak_throughput": {
        "mean": 86.0,
        "std": 1.0,
        "values": [
          85.0,
          87.0
        ]
      },
      "peak_req_throughput": {
        "mean": 86.0,
        "std": 1.0,
        "values": [
          85.0,
          87.0
        ]
      },
      "ttfr": {
        "mean": 14813.424341497011,
        "std": 107.9924504738301,
        "values": [
          14921.416791970842,
          14705.431891023181
        ]
      },
      "est_ppt": {
        "mean": 14728.177366817059,
        "std": 107.9924504738301,
        "values": [
          14836.16981729089,
          14620.184916343229
        ]
      },
      "e2e_ttft": {
        "mean": 14813.424341497011,
        "std": 107.9924504738301,
        "values": [
          14921.416791970842,
          14705.431891023181
        ]
      },
      "throughput_over_time": null,
      "requests_throughput_over_time": null
    },
    {
      "concurrency": 1,
      "context_size": 32768,
      "prompt_size": 512,
      "response_size": 128,
      "is_context_prefill_phase": false,
      "pp_throughput": {
        "mean": 522.5594823381018,
        "std": 0.5205404486344491,
        "values": [
          523.0800227867362,
          522.0389418894673
        ]
      },
      "pp_req_throughput": {
        "mean": 522.5594823381018,
        "std": 0.5205404486344491,
        "values": [
          523.0800227867362,
          522.0389418894673
        ]
      },
      "tg_throughput": {
        "mean": 71.37116322657982,
        "std": 2.27696636369663,
        "values": [
          73.64812959027645,
          69.0941968628832
        ]
      },
      "tg_req_throughput": {
        "mean": 71.37116322657982,
        "std": 2.27696636369663,
        "values": [
          73.64812959027645,
          69.0941968628832
        ]
      },
      "peak_throughput": {
        "mean": 72.0,
        "std": 2.0,
        "values": [
          74.0,
          70.0
        ]
      },
      "peak_req_throughput": {
        "mean": 72.0,
        "std": 2.0,
        "values": [
          74.0,
          70.0
        ]
      },
      "ttfr": {
        "mean": 63771.83988550678,
        "std": 63.44052450731397,
        "values": [
          63708.399360999465,
          63835.28041001409
        ]
      },
      "est_ppt": {
        "mean": 63686.592910826825,
        "std": 63.44052450731397,
        "values": [
          63623.15238631951,
          63750.03343533414
        ]
      },
      "e2e_ttft": {
        "mean": 63771.83988550678,
        "std": 63.44052450731397,
        "values": [
          63708.399360999465,
          63835.28041001409
        ]
      },
      "throughput_over_time": null,
      "requests_throughput_over_time": null
    },
    {
      "concurrency": 1,
      "context_size": 65536,
      "prompt_size": 512,
      "response_size": 128,
      "is_context_prefill_phase": false,
      "pp_throughput": {
        "mean": 431.66285712263385,
        "std": 4.51051668919979,
        "values": [
          436.17337381183364,
          427.15234043343406
        ]
      },